INITIALIZATION
CREATE TABLE UNIQUE_TABLE(ID INT, COL1 INT, COL2 INT);
SUCCESS
CREATE TABLE UNIQUE_TABLE2(ID1 INT, ID2 INT, COL1 INT, COL2 INT);
SUCCESS
INSERT INTO UNIQUE_TABLE VALUES (1,1,1);
SUCCESS
INSERT INTO UNIQUE_TABLE2 VALUES (1,1,1,1);
SUCCESS

1. UNIQUE TEST
CREATE UNIQUE INDEX INDEX_ID ON UNIQUE_TABLE(ID);
SUCCESS
INSERT INTO UNIQUE_TABLE VALUES (2,1,1);
SUCCESS
CREATE UNIQUE INDEX INDEX_ID ON UNIQUE_TABLE(ID);
FAILURE
INSERT INTO UNIQUE_TABLE VALUES (3,2,1);
SUCCESS
INSERT INTO UNIQUE_TABLE VALUES (1,2,1);
FAILURE

CREATE UNIQUE INDEX INDEX_ID ON UNIQUE_TABLE2(ID1, ID2);
SUCCESS
INSERT INTO UNIQUE_TABLE2 VALUES (1,1,2,1);
FAILURE
INSERT INTO UNIQUE_TABLE2 VALUES (1,2,1,1);
SUCCESS
INSERT INTO UNIQUE_TABLE2 VALUES (1,2,2,1);
FAILURE
INSERT INTO UNIQUE_TABLE2 VALUES (1,3,4,2);
SUCCESS
INSERT INTO UNIQUE_TABLE2 VALUES (2,1,1,1);
SUCCESS

2. SELECT
SELECT * FROM UNIQUE_TABLE;
1 | 1 | 1
2 | 1 | 1
3 | 2 | 1
ID | COL1 | COL2
SELECT * FROM UNIQUE_TABLE2;
1 | 1 | 1 | 1
1 | 2 | 1 | 1
1 | 3 | 4 | 2
2 | 1 | 1 | 1
ID1 | ID2 | COL1 | COL2
