1. INIT DATA
CREATE TABLE FUNCTION_TABLE(ID INT, NAME CHAR(20), SCORE FLOAT, U_DATE DATE);
SUCCESS
CREATE TABLE FUNCTION_TABLE_2(ID INT, NAME CHAR(30), SCORE FLOAT, U_DATE DATE);
SUCCESS
INSERT INTO FUNCTION_TABLE VALUES (4, 'KI83C4RH0AGX9', 7.61, '2017-02-06');
SUCCESS
INSERT INTO FUNCTION_TABLE VALUES (4, 'FXMB2DOJ4', 8.35, '2021-10-07');
SUCCESS
INSERT INTO FUNCTION_TABLE VALUES (8, 'Q3NS46CJ', 8.66, '2023-06-19');
SUCCESS
INSERT INTO FUNCTION_TABLE VALUES (1, 'Q3NS4', 4.90, '2023-06-19');
SUCCESS
INSERT INTO FUNCTION_TABLE VALUES (3, 'Q3NS46CJ012311234561', 6.50, '2023-06-19');
SUCCESS
INSERT INTO FUNCTION_TABLE VALUES (2, 'Q3CJ', 9.00, '2023-06-19');
SUCCESS

2. INVALID DATE
SELECT ID, DATE_FORMAT(NAME, '%Y-%M-%D') FROM FUNCTION_TABLE;
FAILURE

3. ROUND TEST
SELECT ID, LENGTH(NAME), ROUND(SCORE) FROM FUNCTION_TABLE WHERE ID<8;
1 | 5 | 5
2 | 4 | 9
3 | 20 | 7
4 | 13 | 8
4 | 9 | 8
ID | LENGTH(NAME) | ROUND(SCORE)
SELECT * FROM FUNCTION_TABLE;
1 | Q3NS4 | 4.9 | 2023-06-19
2 | Q3CJ | 9 | 2023-06-19
3 | Q3NS46CJ012311234561 | 6.5 | 2023-06-19
4 | FXMB2DOJ4 | 8.35 | 2021-10-07
4 | KI83C4RH0AGX9 | 7.61 | 2017-02-06
8 | Q3NS46CJ | 8.66 | 2023-06-19
ID | NAME | SCORE | U_DATE
