INITIALIZATION
CREATE TABLE INSERT_TABLE(ID INT, T_NAME CHAR(4), COL1 INT, COL2 INT);
SUCCESS
CREATE TABLE INSERT_TABLE2(ID INT, T_NAME CHAR(6), COL1 INT, COL2 INT);
SUCCESS

1. INSERT
INSERT INTO INSERT_TABLE VALUES (1,'N1',1,1);
SUCCESS
INSERT INTO INSERT_TABLE VALUES (1,'N123',1,1);
SUCCESS
INSERT INTO INSERT_TABLE VALUES (2,'N123',1,1),(3,'N32',2,1);
SUCCESS

INSERT INTO INSERT_TABLE2 VALUES (1,'N1',1,1);
SUCCESS
INSERT INTO INSERT_TABLE2 VALUES (1,'N123',1,1);
SUCCESS
INSERT INTO INSERT_TABLE2 VALUES (2,'N1233',1,1),(3,'N3211',2,1);
SUCCESS
INSERT INTO INSERT_TABLE2 VALUES (4,'','','');
SUCCESS

2. ERROR
INSERT INTO INSERT_TABLE VALUES (5,'N4',1,1),(1,1,1);
FAILURE
INSERT INTO INSERT_TABLE VALUES (5,'N4',1,1),(1,1,1,1,1);
FAILURE
INSERT INTO INSERT_TABLE VALUES (5,'12345',1,1);
FAILURE

INSERT INTO INSERT_TABLE2 VALUES (5,'N412',1,1),(1,1,1);
FAILURE
INSERT INTO INSERT_TABLE2 VALUES (5,'N41',1,1),(1,1,1,1,1);
FAILURE
INSERT INTO INSERT_TABLE2 VALUES (5,'1234567',1,1);
FAILURE
INSERT INTO INSERT_TABLE2 VALUES (5,'12345678910',1,1);
FAILURE

3. SELECT
SELECT * FROM INSERT_TABLE;
1 | N1 | 1 | 1
1 | N123 | 1 | 1
2 | N123 | 1 | 1
3 | N32 | 2 | 1
ID | T_NAME | COL1 | COL2
SELECT * FROM INSERT_TABLE2;
1 | N1 | 1 | 1
1 | N123 | 1 | 1
2 | N1233 | 1 | 1
3 | N3211 | 2 | 1
4 |  | 0 | 0
ID | T_NAME | COL1 | COL2
