INITIALIZATION
CREATE TABLE CSQ_1(ID INT, COL1 INT, FEAT1 FLOAT);
SUCCESS
CREATE TABLE CSQ_2(ID INT, COL2 INT, FEAT2 FLOAT);
SUCCESS
CREATE TABLE CSQ_3(ID INT, COL3 INT, FEAT3 FLOAT);
SUCCESS

INSERT INTO CSQ_1 VALUES (1, 4, 11.2);
SUCCESS
INSERT INTO CSQ_1 VALUES (2, 2, 12.0);
SUCCESS
INSERT INTO CSQ_1 VALUES (3, 3, 13.5);
SUCCESS
INSERT INTO CSQ_1 VALUES (4, 1, 10.8);
SUCCESS
INSERT INTO CSQ_1 VALUES (5, 5, 15.3);
SUCCESS
INSERT INTO CSQ_1 VALUES (6, 7, 12.4);
SUCCESS
INSERT INTO CSQ_1 VALUES (7, 6, 11.9);
SUCCESS

INSERT INTO CSQ_2 VALUES (1, 2, 13.0);
SUCCESS
INSERT INTO CSQ_2 VALUES (2, 7, 10.5);
SUCCESS
INSERT INTO CSQ_2 VALUES (3, 9, 13.8);
SUCCESS
INSERT INTO CSQ_2 VALUES (4, 5, 14.1);
SUCCESS
INSERT INTO CSQ_2 VALUES (5, 3, 12.6);
SUCCESS
INSERT INTO CSQ_2 VALUES (6, 1, 10.2);
SUCCESS
INSERT INTO CSQ_2 VALUES (7, 4, 12.3);
SUCCESS

INSERT INTO CSQ_3 VALUES (1, 2, 11.0);
SUCCESS
INSERT INTO CSQ_3 VALUES (2, 3, 13.4);
SUCCESS
INSERT INTO CSQ_3 VALUES (3, 6, 16.5);
SUCCESS
INSERT INTO CSQ_3 VALUES (4, 4, 12.9);
SUCCESS
INSERT INTO CSQ_3 VALUES (5, 5, 14.6);
SUCCESS
INSERT INTO CSQ_3 VALUES (6, 7, 11.7);
SUCCESS
INSERT INTO CSQ_3 VALUES (7, 8, 15.0);
SUCCESS

1. SELECT
SELECT * FROM CSQ_1 WHERE FEAT1 <> (SELECT MIN(CSQ_2.FEAT2) FROM CSQ_2 WHERE CSQ_2.FEAT2 > CSQ_1.FEAT1);
1 | 4 | 11.2
2 | 2 | 12
3 | 3 | 13.5
4 | 1 | 10.8
6 | 7 | 12.4
7 | 6 | 11.9
ID | COL1 | FEAT1
